{
  "failed": 1,
  "failure_rate": 0.3333333333333333,
  "median_best_loss": 3.2967819134132905,
  "median_post_snap_loss": 3.325130031089465,
  "median_runtime_seconds": 0.2740509169525467,
  "same_ast_return": 1,
  "same_ast_return_rate": 0.3333333333333333,
  "total_runs": 3,
  "unsupported": 1,
  "unsupported_rate": 0.3333333333333333,
  "verified_equivalent_ast": 0,
  "verifier_recovered": 1,
  "verifier_recovery_rate": 0.3333333333333333
}
